Account_ID,Subscription_Tier,Industry,Annual_Recurring_Revenue,Monthly_Active_Users,Support_Tickets_Logged,NPS_Score,Contract_Length_Months,Feature_Adoption_Rate,Churned
ACCT-2000,Professional,E-commerce,3722.0,118,16,7,12,0.54,Yes
ACCT-2001,Professional,Healthcare,7545.0,229,6,8,1,0.57,Yes
ACCT-2002,Starter,E-commerce,14577.0,52,24,10,12,0.96,Yes
ACCT-2003,Starter,Manufacturing,151745.0,165,19,8,12,0.85,No
ACCT-2004,Professional,,29290.0,297,23,9,12,0.96,Yes
ACCT-2005,Enterprise,E-commerce,8628.0,286,14,,12,0.93,No
ACCT-2006,Starter,Fintech,3798.0,321,9,0,12,0.95,No
ACCT-2007,Enterprise,Healthcare,10013.0,481,23,-10,12,0.66,No
ACCT-2008,Professional,Healthcare,13709.0,344,16,-10,12,0.32,Yes
ACCT-2009,Starter,Manufacturing,32158.0,463,18,8,24,0.23,Yes
ACCT-2010,Professional,Manufacturing,8730.0,480,11,9,12,0.54,No
ACCT-2011,Professional,E-commerce,26198.0,447,15,8,12,0.78,No
ACCT-2012,Starter,E-commerce,32440.0,372,23,-10,1,0.3,No
ACCT-2013,Enterprise,Fintech,11034.0,487,7,9,12,0.25,No
ACCT-2014,Custom,Healthcare,24989.0,154,18,7,24,0.87,No
ACCT-2015,Starter,E-commerce,450000.0,157,19,9,12,0.15,No
ACCT-2016,Starter,E-commerce,13659.0,423,8,10,12,0.84,No
ACCT-2017,Professional,Fintech,3959.0,190,10,-10,36,0.32,No
ACCT-2018,Professional,E-commerce,13862.0,253,21,0,1,0.69,No
ACCT-2019,Starter,Healthcare,26591.0,127,14,8,1,0.53,No
ACCT-2020,Professional,E-commerce,21289.0,292,21,8,12,0.84,No
ACCT-2021,Professional,E-commerce,11010.0,213,18,7,24,0.37,Yes
ACCT-2022,Starter,E-commerce,,355,7,9,24,0.77,No
ACCT-2023,Starter,E-commerce,8328.0,192,6,8,1,0.74,No
ACCT-2024,Starter,E-commerce,11108.0,16,0,10,12,0.34,No
ACCT-2025,Custom,Manufacturing,4481.0,40,5,8,12,0.68,No
ACCT-2026,Professional,Healthcare,23050.0,224,13,7,24,0.97,No
ACCT-2027,Professional,Healthcare,9460.0,431,15,9,24,0.93,No
ACCT-2028,Professional,Healthcare,,212,18,7,12,0.8,Yes
ACCT-2029,Professional,E-commerce,15596.0,393,0,8,24,0.58,No
ACCT-2030,Enterprise,EdTech,13310.0,497,0,7,12,0.93,No
ACCT-2031,Enterprise,Fintech,17102.0,36,21,5,24,0.96,No
ACCT-2032,Professional,,,126,11,8,1,0.29,No
ACCT-2033,Professional,Fintech,12460.0,166,11,8,12,0.33,Yes
ACCT-2034,Custom,E-commerce,20828.0,219,18,8,1,0.4,No
ACCT-2035,Starter,E-commerce,15361.0,357,15,5,24,0.38,Yes
ACCT-2036,Enterprise,Fintech,21312.0,372,0,9,1,0.46,No
ACCT-2037,Enterprise,Fintech,10987.0,392,11,7,24,0.72,No
ACCT-2038,Professional,E-commerce,30725.0,155,7,,24,0.78,No
ACCT-2039,Enterprise,Manufacturing,22101.0,255,13,8,12,0.96,No
ACCT-2040,Starter,Healthcare,6803.0,134,22,5,12,0.95,No
ACCT-2041,Starter,Fintech,11731.0,220,15,9,12,0.9,No
ACCT-2042,Professional,Fintech,7344.0,149,0,10,12,0.56,No
ACCT-2043,Enterprise,Healthcare,3189.0,356,22,,12,0.54,Yes
ACCT-2044,Starter,Healthcare,11274.0,373,22,8,1,0.29,No
ACCT-2045,Starter,Fintech,38719.0,307,24,9,24,0.2,Yes
ACCT-2046,Professional,EdTech,23076.0,304,3,5,1,0.93,No
ACCT-2047,Starter,Fintech,13264.0,199,18,-10,12,0.8,No
ACCT-2048,Professional,E-commerce,18840.0,131,13,-10,24,0.57,Yes
ACCT-2049,Professional,E-commerce,22696.0,50,2,5,1,0.2,Yes
ACCT-2050,Professional,Fintech,35553.0,338,3,0,12,0.91,No
ACCT-2051,Professional,Fintech,26207.0,440,9,,1,0.65,No
ACCT-2052,Starter,Healthcare,73608.0,229,20,7,24,0.85,No
ACCT-2053,Starter,Fintech,33773.0,172,21,7,12,0.84,Yes
ACCT-2054,Professional,Fintech,3324.0,457,2,10,12,0.31,Yes
ACCT-2055,Starter,,14872.0,485,0,5,24,0.3,No
ACCT-2056,Professional,Fintech,30701.0,56,15,0,24,0.93,No
ACCT-2057,Starter,Fintech,11382.0,393,21,7,36,0.87,No
ACCT-2058,Starter,Fintech,3835.0,343,17,5,24,0.92,No
ACCT-2059,Starter,Manufacturing,13909.0,448,3,9,12,0.93,Yes
ACCT-2060,Professional,EdTech,8193.0,443,10,9,12,0.81,No
ACCT-2061,Enterprise,EdTech,2242.0,84,17,-10,12,0.51,Yes
ACCT-2062,Enterprise,Fintech,12084.0,190,11,-10,1,0.97,No
ACCT-2063,Professional,E-commerce,31780.0,430,5,10,12,0.6,No
ACCT-2064,Professional,E-commerce,,173,16,7,12,0.49,No
ACCT-2065,Professional,Manufacturing,23529.0,419,7,8,12,0.23,No
ACCT-2066,Starter,Manufacturing,15336.0,112,17,10,24,0.98,No
ACCT-2067,Starter,Healthcare,5711.0,52,12,7,12,0.66,No
ACCT-2068,Starter,E-commerce,35914.0,7,10,7,1,0.6,No
ACCT-2069,Professional,Healthcare,11171.0,463,2,8,1,0.43,Yes
ACCT-2070,Enterprise,E-commerce,8234.0,388,7,8,12,0.48,No
ACCT-2071,Professional,E-commerce,15506.0,133,10,8,24,0.68,No
ACCT-2072,Professional,E-commerce,53661.0,179,11,5,12,0.97,No
ACCT-2073,Professional,EdTech,20140.0,330,0,9,36,0.96,Yes
ACCT-2074,Professional,E-commerce,17777.0,304,13,7,24,0.62,No
ACCT-2075,Starter,Manufacturing,6471.0,336,9,8,1,0.67,Yes
ACCT-2076,Professional,Healthcare,64104.0,232,17,8,12,0.8,Yes
ACCT-2077,Professional,Manufacturing,27632.0,362,7,7,12,0.36,No
ACCT-2078,Professional,Healthcare,49828.0,29,1,10,24,0.54,No
ACCT-2079,Starter,,58773.0,21,7,7,1,0.97,Yes
ACCT-2080,Enterprise,Healthcare,5178.0,204,22,8,12,0.9,No
ACCT-2081,Professional,Manufacturing,27406.0,415,11,10,24,0.84,No
ACCT-2082,Professional,Fintech,25335.0,107,1,8,24,0.8,No
ACCT-2083,Professional,Fintech,3144.0,278,2,0,12,0.3,No
ACCT-2084,Custom,Fintech,17887.0,378,8,9,12,0.43,Yes
ACCT-2085,Starter,Healthcare,9299.0,376,11,8,24,0.97,No
ACCT-2086,Starter,Healthcare,2719.0,145,8,0,12,0.21,No
ACCT-2087,Starter,Fintech,25332.0,29,10,8,1,0.86,No
ACCT-2088,Starter,E-commerce,11415.0,177,13,0,12,0.18,Yes
ACCT-2089,Enterprise,Fintech,12758.0,287,1,9,36,0.98,No
ACCT-2090,Starter,EdTech,24539.0,256,2,7,12,0.19,No
ACCT-2091,Professional,Manufacturing,14269.0,94,24,8,36,0.87,No
ACCT-2092,Professional,Manufacturing,19175.0,459,9,5,12,0.47,No
ACCT-2093,Professional,E-commerce,4918.0,37,22,8,1,0.72,Yes
ACCT-2094,Starter,EdTech,25195.0,135,1,8,1,0.37,No
ACCT-2095,Enterprise,Fintech,10011.0,307,2,,12,0.22,Yes
ACCT-2096,Professional,Healthcare,5886.0,335,15,7,12,0.93,No
ACCT-2097,Professional,Healthcare,10001.0,277,21,-10,1,0.48,No
ACCT-2098,Professional,EdTech,24436.0,57,5,8,12,0.97,No
ACCT-2099,Professional,Healthcare,4149.0,374,5,7,12,0.71,No
ACCT-2100,Professional,E-commerce,23105.0,476,11,0,12,0.61,No
ACCT-2101,Starter,E-commerce,9852.0,44,11,8,1,0.47,No
ACCT-2102,Professional,E-commerce,59865.0,357,8,8,24,0.72,No
ACCT-2103,Starter,Manufacturing,23940.0,33,12,7,12,0.74,No
ACCT-2104,Custom,Healthcare,17382.0,469,14,8,12,0.32,No
ACCT-2105,Starter,E-commerce,25749.0,193,18,7,1,0.48,Yes
ACCT-2106,Starter,Manufacturing,,218,13,8,36,0.93,No
ACCT-2107,Starter,EdTech,19587.0,477,10,8,12,0.52,No
ACCT-2108,Enterprise,Healthcare,11443.0,144,13,8,12,0.46,No
ACCT-2109,Professional,Fintech,8570.0,390,21,7,24,0.6,No
ACCT-2110,Professional,,16427.0,208,21,5,12,0.8,No
ACCT-2111,Enterprise,E-commerce,12096.0,353,16,8,36,0.55,No
ACCT-2112,Professional,,39452.0,398,19,8,24,0.54,Yes
ACCT-2113,Professional,EdTech,17176.0,143,1,7,12,0.92,No
ACCT-2114,Enterprise,Healthcare,17609.0,308,5,7,24,0.47,No
ACCT-2115,Professional,Healthcare,11673.0,168,7,8,12,0.24,No
ACCT-2116,Starter,Healthcare,37584.0,115,19,7,12,0.6,No
ACCT-2117,Enterprise,E-commerce,3000.0,73,1,7,1,0.21,No
ACCT-2118,Enterprise,E-commerce,3022.0,36,12,5,12,0.86,No
ACCT-2119,Professional,Healthcare,5179.0,494,18,8,12,0.54,No
ACCT-2120,Starter,,13567.0,282,23,10,36,0.27,No
ACCT-2121,Professional,Fintech,2730.0,206,12,8,24,0.29,No
ACCT-2122,Enterprise,Fintech,5706.0,205,14,8,12,0.34,No
ACCT-2123,Professional,E-commerce,23123.0,33,6,8,36,0.85,Yes
ACCT-2124,Professional,EdTech,,119,17,,12,0.66,No
ACCT-2125,Professional,,4122.0,364,12,8,12,0.66,Yes
ACCT-2126,Starter,E-commerce,23424.0,396,8,8,12,0.5,No
ACCT-2127,Professional,EdTech,46174.0,407,16,8,12,0.89,No
ACCT-2128,Professional,Manufacturing,74964.0,338,11,0,1,0.32,No
ACCT-2129,Professional,Fintech,15397.0,350,7,10,12,0.3,No
ACCT-2130,Professional,EdTech,16937.0,57,18,5,12,0.51,Yes
ACCT-2131,Professional,Fintech,12331.0,54,5,8,1,0.76,Yes
ACCT-2132,Starter,Healthcare,52193.0,409,2,7,12,0.55,No
ACCT-2133,Custom,Manufacturing,20415.0,369,3,10,12,0.18,No
ACCT-2134,Starter,E-commerce,6296.0,172,12,10,1,0.56,No
ACCT-2135,Professional,EdTech,26310.0,15,2,7,12,0.93,No
ACCT-2136,Professional,Fintech,8177.0,323,12,9,36,0.58,No
ACCT-2137,Starter,E-commerce,21547.0,430,2,9,12,0.83,No
ACCT-2138,Enterprise,Healthcare,4812.0,329,11,0,12,0.46,No
ACCT-2139,Starter,Healthcare,12197.0,497,17,8,12,0.76,Yes
ACCT-2140,Professional,Healthcare,94564.0,295,12,5,12,0.9,No
ACCT-2141,Starter,,5128.0,156,9,5,24,0.44,Yes
ACCT-2142,Professional,Manufacturing,16163.0,399,9,8,12,0.19,No
ACCT-2143,Enterprise,E-commerce,34068.0,231,0,8,1,0.95,No
ACCT-2144,Professional,Healthcare,11087.0,405,14,7,12,0.56,No
ACCT-2145,Starter,E-commerce,31765.0,134,15,8,1,0.16,No
ACCT-2146,Enterprise,E-commerce,19534.0,485,6,7,12,0.43,No
ACCT-2147,Professional,Healthcare,8182.0,302,19,9,36,0.81,Yes
ACCT-2148,Professional,Manufacturing,7102.0,409,18,8,12,0.8,Yes
ACCT-2149,Enterprise,Manufacturing,15729.0,273,14,8,12,0.72,No
ACCT-2150,Starter,Healthcare,3184.0,371,12,9,24,0.96,No
ACCT-2151,Enterprise,E-commerce,4789.0,75,9,8,12,0.9,No
ACCT-2152,Starter,Healthcare,15651.0,401,15,5,1,0.61,Yes
ACCT-2153,Enterprise,E-commerce,5029.0,358,13,8,36,0.18,No
ACCT-2154,Starter,E-commerce,10926.0,422,15,7,36,0.9,No
ACCT-2155,Professional,,5042.0,167,20,7,1,0.21,No
ACCT-2156,Enterprise,Manufacturing,36400.0,358,3,8,12,0.29,Yes
ACCT-2157,Custom,Healthcare,27504.0,271,4,7,1,0.17,No
ACCT-2158,Starter,Healthcare,19181.0,416,15,7,1,0.2,Yes
ACCT-2159,Enterprise,E-commerce,15563.0,312,10,8,12,0.35,No
ACCT-2160,Professional,E-commerce,8708.0,91,22,8,12,0.31,Yes
ACCT-2161,Enterprise,Healthcare,5278.0,215,18,8,12,0.36,No
ACCT-2162,Professional,Manufacturing,73366.0,194,5,0,12,0.87,Yes
ACCT-2163,Starter,EdTech,21922.0,471,17,-10,12,0.85,No
ACCT-2164,Professional,Manufacturing,11732.0,430,13,8,12,0.76,Yes
ACCT-2165,Professional,E-commerce,19103.0,233,4,10,36,0.47,No
ACCT-2166,Professional,Healthcare,28827.0,206,19,7,1,0.86,No
ACCT-2167,Professional,Manufacturing,38229.0,343,12,7,12,0.89,No
ACCT-2168,Starter,Healthcare,51664.0,399,7,10,12,0.74,No
ACCT-2169,Professional,Healthcare,24225.0,94,20,8,12,0.19,Yes
ACCT-2170,Enterprise,Healthcare,6912.0,354,14,9,12,0.27,No
ACCT-2171,Enterprise,Manufacturing,14264.0,424,6,9,24,0.35,Yes
ACCT-2172,Starter,,20086.0,6,14,7,12,0.74,No
ACCT-2173,Professional,Fintech,12522.0,386,10,7,36,0.5,No
ACCT-2174,Starter,E-commerce,14307.0,291,6,9,24,0.62,No
ACCT-2175,Starter,Manufacturing,1121.0,230,8,0,1,0.19,No
ACCT-2176,Enterprise,E-commerce,51400.0,202,9,9,12,0.44,No
ACCT-2177,Enterprise,E-commerce,11756.0,337,8,8,24,0.36,Yes
ACCT-2178,Enterprise,E-commerce,53226.0,55,1,8,12,0.25,No
ACCT-2179,Professional,E-commerce,28580.0,316,12,9,24,0.92,No
ACCT-2180,Enterprise,Fintech,18601.0,495,8,5,36,0.58,No
ACCT-2181,Professional,E-commerce,68772.0,258,10,-10,24,0.52,No
ACCT-2182,Starter,Healthcare,7668.0,67,13,7,12,0.59,No
ACCT-2183,Starter,Manufacturing,123281.0,93,13,8,12,0.37,No
ACCT-2184,Starter,Healthcare,14434.0,129,9,8,12,0.83,No
ACCT-2185,Starter,Fintech,3009.0,213,24,9,1,0.69,No
ACCT-2186,Starter,Healthcare,7570.0,262,16,9,36,0.98,No
ACCT-2187,Enterprise,EdTech,14734.0,123,14,9,12,0.79,Yes
ACCT-2188,Professional,Healthcare,3086.0,137,22,7,12,0.53,Yes
ACCT-2189,Enterprise,E-commerce,11951.0,255,15,10,1,0.91,No
ACCT-2190,Professional,Healthcare,9214.0,161,16,7,24,0.38,Yes
ACCT-2191,Professional,Healthcare,7516.0,44,6,7,12,0.68,No
ACCT-2192,Starter,E-commerce,,224,17,10,12,0.89,No
ACCT-2193,Professional,E-commerce,7065.0,450,22,10,1,0.67,No
ACCT-2194,Professional,Fintech,15706.0,404,21,8,1,0.84,No
ACCT-2195,Enterprise,Fintech,16757.0,105,4,7,1,0.83,Yes
ACCT-2196,Starter,Fintech,11974.0,221,22,8,12,0.54,Yes
ACCT-2197,Professional,Healthcare,14071.0,159,23,8,1,0.39,No
ACCT-2198,Starter,E-commerce,17107.0,353,0,7,1,0.92,No
ACCT-2199,Professional,Healthcare,21076.0,238,14,10,36,0.28,No
ACCT-2200,Professional,Manufacturing,,109,24,8,24,0.46,No
ACCT-2201,Starter,Manufacturing,59904.0,191,24,7,1,0.98,No
ACCT-2202,Professional,Manufacturing,52918.0,357,11,8,1,0.77,No
ACCT-2203,Starter,Healthcare,5770.0,265,19,7,12,0.72,No
ACCT-2204,Enterprise,Fintech,5697.0,137,19,7,24,0.68,Yes
ACCT-2205,Professional,E-commerce,5837.0,75,19,10,12,0.31,No
ACCT-2206,Professional,E-commerce,24869.0,474,5,8,1,0.92,Yes
ACCT-2207,Professional,Fintech,8264.0,156,8,5,12,0.54,No
ACCT-2208,Starter,E-commerce,,43,12,10,12,0.8,Yes
ACCT-2209,Professional,Fintech,6359.0,394,17,7,12,0.42,Yes
ACCT-2210,Custom,Healthcare,4220.0,74,15,8,36,0.7,Yes
ACCT-2211,Enterprise,Fintech,3331.0,111,14,8,24,0.32,No
ACCT-2212,Professional,Healthcare,3514.0,412,14,0,1,0.29,No
ACCT-2213,Professional,Fintech,9561.0,41,2,-10,1,0.68,Yes
ACCT-2214,Starter,Fintech,69258.0,283,19,8,1,0.46,No
ACCT-2215,Professional,E-commerce,23816.0,254,5,10,12,0.8,No
ACCT-2216,Professional,Healthcare,14797.0,406,7,8,12,0.58,No
ACCT-2217,Professional,Healthcare,7535.0,138,18,5,24,0.63,Yes
ACCT-2218,Professional,Fintech,,453,2,8,12,0.62,No
ACCT-2219,Professional,Healthcare,7119.0,328,14,10,12,0.64,No
ACCT-2220,Starter,,9670.0,422,0,-10,12,0.78,No
ACCT-2221,Professional,E-commerce,15659.0,372,17,8,1,0.53,No
ACCT-2222,Enterprise,E-commerce,22400.0,268,19,7,12,0.38,Yes
ACCT-2223,Starter,E-commerce,10008.0,389,5,9,12,0.82,No
ACCT-2224,Enterprise,Healthcare,22501.0,42,19,8,12,0.62,Yes
ACCT-2225,Custom,Manufacturing,12584.0,182,7,10,12,0.48,No
ACCT-2226,Starter,Manufacturing,9822.0,455,8,9,1,0.19,No
ACCT-2227,Professional,Fintech,18960.0,460,8,9,24,0.41,No
ACCT-2228,Professional,Manufacturing,8891.0,293,13,,1,0.7,No
ACCT-2229,Professional,E-commerce,14281.0,70,2,5,12,0.16,No
ACCT-2230,Professional,E-commerce,13146.0,373,4,9,12,0.4,Yes
ACCT-2231,Professional,EdTech,30926.0,407,10,8,12,0.9,No
ACCT-2232,Starter,Healthcare,12535.0,293,14,7,24,0.38,No
ACCT-2233,Professional,Manufacturing,17762.0,382,5,9,12,0.62,No
ACCT-2234,Starter,Healthcare,5884.0,446,23,7,12,0.87,No
ACCT-2235,Custom,Fintech,11142.0,491,13,5,12,0.46,No
ACCT-2236,Enterprise,Healthcare,37939.0,310,20,7,1,0.71,Yes
ACCT-2237,Starter,Fintech,39619.0,458,17,7,1,0.61,No
ACCT-2238,Professional,Healthcare,23085.0,215,11,,12,0.42,Yes
ACCT-2239,Enterprise,E-commerce,8679.0,224,16,7,12,0.4,No
ACCT-2240,Professional,Healthcare,7018.0,352,2,8,36,0.62,No
ACCT-2241,Professional,E-commerce,6910.0,152,23,-10,12,0.34,No
ACCT-2242,Enterprise,Healthcare,8580.0,334,3,9,12,0.32,No
ACCT-2243,Starter,E-commerce,17944.0,266,7,10,24,0.72,No
ACCT-2244,Starter,Healthcare,7522.0,366,14,-10,12,0.44,No
ACCT-2245,Starter,E-commerce,5869.0,404,24,,12,0.61,No
ACCT-2246,Starter,Healthcare,5177.0,461,1,7,12,0.45,Yes
ACCT-2247,Enterprise,,7464.0,7,23,5,24,0.54,No
ACCT-2248,Enterprise,Manufacturing,2534.0,107,14,9,1,0.81,No
ACCT-2249,Professional,Healthcare,3991.0,147,5,0,12,0.34,No
ACCT-2250,Starter,E-commerce,6098.0,387,17,10,36,0.71,No
ACCT-2251,Professional,EdTech,10154.0,270,12,9,12,0.33,Yes
ACCT-2252,Starter,Manufacturing,49026.0,459,11,10,1,0.73,Yes
ACCT-2253,Professional,E-commerce,,180,7,10,12,0.97,No
ACCT-2254,Starter,Fintech,15869.0,362,8,5,12,0.18,No
ACCT-2255,Starter,,3723.0,33,18,8,1,0.66,Yes
ACCT-2256,Enterprise,EdTech,8827.0,154,15,10,12,0.72,No
ACCT-2257,Professional,Healthcare,22254.0,451,1,0,12,0.31,Yes
ACCT-2258,Professional,Healthcare,37138.0,397,15,8,12,0.54,No
ACCT-2259,Professional,Manufacturing,2066.0,227,9,8,24,0.43,No
ACCT-2260,Enterprise,Fintech,39850.0,285,4,9,1,0.84,No
ACCT-2261,Enterprise,,,341,17,-10,36,0.33,No
ACCT-2262,Enterprise,Manufacturing,27809.0,281,2,,12,0.89,No
ACCT-2263,Starter,Fintech,8445.0,449,17,8,12,0.97,No
ACCT-2264,Starter,E-commerce,12744.0,382,9,9,12,0.91,No
ACCT-2265,Enterprise,Fintech,5079.0,304,10,8,1,0.28,No
ACCT-2266,Professional,,14350.0,314,24,8,12,0.81,No
ACCT-2267,Starter,EdTech,46109.0,73,24,9,12,0.22,No
ACCT-2268,Starter,E-commerce,38244.0,272,18,7,12,0.16,No
ACCT-2269,Starter,Fintech,25958.0,308,8,9,12,0.56,No
ACCT-2270,Professional,Fintech,7001.0,275,16,5,1,0.42,No
ACCT-2271,Enterprise,Fintech,10997.0,26,4,10,24,0.65,No
ACCT-2272,Enterprise,EdTech,8341.0,192,5,7,36,0.82,No
ACCT-2273,Enterprise,Healthcare,17606.0,333,8,8,1,0.33,Yes
ACCT-2274,Professional,E-commerce,29368.0,455,14,7,36,0.4,No
ACCT-2275,Enterprise,E-commerce,5182.0,492,2,9,36,0.86,No
ACCT-2276,Starter,Fintech,8694.0,216,17,5,1,0.38,No
ACCT-2277,Enterprise,Fintech,28132.0,228,14,0,24,0.65,No
ACCT-2278,Starter,E-commerce,32335.0,318,19,9,12,0.48,No
ACCT-2279,Starter,Manufacturing,5064.0,410,6,9,24,0.4,No
ACCT-2280,Professional,Fintech,12541.0,41,1,8,12,0.24,No
ACCT-2281,Starter,Healthcare,36019.0,39,9,8,12,0.82,No
ACCT-2282,Professional,Manufacturing,35822.0,150,18,8,12,0.91,No
ACCT-2283,Starter,E-commerce,9955.0,7,4,8,12,0.52,Yes
ACCT-2284,Starter,Healthcare,31718.0,141,16,9,12,0.75,No
ACCT-2285,Starter,EdTech,17967.0,215,5,8,36,0.3,No
ACCT-2286,Starter,Manufacturing,6198.0,17,11,8,12,0.49,No
ACCT-2287,Professional,Healthcare,51698.0,490,17,8,24,0.93,No
ACCT-2288,Starter,Healthcare,9616.0,406,10,8,12,0.84,No
ACCT-2289,Enterprise,E-commerce,12147.0,464,14,10,24,0.48,Yes
ACCT-2290,Starter,Healthcare,3765.0,391,16,7,1,0.15,No
ACCT-2291,Professional,E-commerce,8970.0,306,14,8,12,0.67,No
ACCT-2292,Enterprise,Fintech,7535.0,130,2,7,12,0.5,No
ACCT-2293,Custom,Fintech,3215.0,446,6,7,36,0.83,No
ACCT-2294,Enterprise,EdTech,18921.0,347,12,0,24,0.79,No
ACCT-2295,Professional,,7534.0,497,1,8,1,0.53,No
ACCT-2296,Starter,Healthcare,28035.0,111,6,8,12,0.56,No
ACCT-2297,Professional,Fintech,10510.0,457,16,5,12,0.53,No
ACCT-2298,Starter,Fintech,33002.0,232,20,8,12,0.61,No
ACCT-2299,Professional,Manufacturing,13958.0,216,9,8,12,0.92,No
ACCT-2300,Professional,Manufacturing,11485.0,146,5,5,36,0.79,Yes
ACCT-2301,Professional,Fintech,11379.0,298,1,10,1,0.21,No
ACCT-2302,Starter,E-commerce,6780.0,217,9,7,12,0.48,No
ACCT-2303,Professional,Fintech,8971.0,232,8,9,36,0.16,No
ACCT-2304,Starter,Fintech,25823.0,434,5,10,1,0.19,No
ACCT-2305,Professional,Manufacturing,25626.0,247,22,10,12,0.33,No
ACCT-2306,Enterprise,Fintech,12021.0,379,24,10,1,0.77,No
ACCT-2307,Professional,Fintech,12441.0,181,0,0,12,0.5,No
ACCT-2308,Professional,Healthcare,4468.0,349,16,,24,0.19,No
ACCT-2309,Starter,Manufacturing,8976.0,437,21,9,1,0.46,No
ACCT-2310,Professional,EdTech,8720.0,397,11,7,12,0.88,No
ACCT-2311,Professional,Fintech,4621.0,168,3,7,24,0.78,No
ACCT-2312,Enterprise,E-commerce,34723.0,350,10,9,1,0.16,No
ACCT-2313,Starter,E-commerce,11356.0,313,15,8,12,0.39,Yes
ACCT-2314,Starter,Fintech,12096.0,239,3,10,1,0.52,No
ACCT-2315,Starter,Fintech,24879.0,72,18,5,36,0.49,No
ACCT-2316,Professional,Manufacturing,6394.0,107,16,8,36,0.48,Yes
ACCT-2317,Professional,Fintech,23061.0,393,20,8,12,0.86,No
ACCT-2318,Enterprise,Healthcare,2182.0,77,3,8,24,0.36,No
ACCT-2319,Custom,Fintech,8420.0,354,7,8,12,0.76,No
ACCT-2320,Professional,E-commerce,2672.0,424,13,7,1,0.39,Yes
ACCT-2321,Starter,Healthcare,35852.0,325,14,8,24,0.52,No
ACCT-2322,Enterprise,E-commerce,24160.0,404,8,8,36,0.84,No
ACCT-2323,Professional,Healthcare,7996.0,224,21,8,12,0.9,Yes
ACCT-2324,Professional,EdTech,13417.0,189,12,9,12,0.19,No
ACCT-2325,Professional,Fintech,6755.0,257,11,8,24,0.44,No
ACCT-2326,Professional,Manufacturing,18580.0,326,11,7,24,0.82,Yes
ACCT-2327,Enterprise,EdTech,24800.0,197,13,5,24,0.6,No
ACCT-2328,Professional,EdTech,8195.0,193,1,,36,0.51,No
ACCT-2329,Starter,E-commerce,18191.0,312,6,8,1,0.74,No
ACCT-2330,Starter,Fintech,6739.0,271,19,10,1,0.47,No
ACCT-2331,Custom,EdTech,10273.0,145,16,7,1,0.48,No
ACCT-2332,Starter,E-commerce,15924.0,28,8,8,36,0.53,Yes
ACCT-2333,Starter,Fintech,24638.0,450,15,8,1,0.4,No
ACCT-2334,Professional,Healthcare,7884.0,298,14,8,24,0.58,No
ACCT-2335,Professional,Healthcare,12255.0,493,12,10,12,0.21,No
ACCT-2336,Professional,Healthcare,19180.0,412,5,7,24,0.21,No
ACCT-2337,Professional,EdTech,24760.0,394,20,8,12,0.24,No
ACCT-2338,Professional,Healthcare,41063.0,395,4,7,24,0.9,No
ACCT-2339,Starter,Fintech,11722.0,328,15,5,12,0.91,No
ACCT-2340,Enterprise,,,273,13,9,24,0.8,Yes
ACCT-2341,Starter,Fintech,7080.0,401,2,5,36,0.36,No
ACCT-2342,Professional,Fintech,26415.0,430,18,7,12,0.68,Yes
ACCT-2343,Enterprise,Healthcare,48413.0,416,19,8,1,0.8,No
ACCT-2344,Enterprise,E-commerce,59436.0,325,1,8,12,0.52,No
ACCT-2345,Professional,,12310.0,315,11,7,12,0.8,No
ACCT-2346,Enterprise,EdTech,5781.0,345,13,9,12,0.37,No
ACCT-2347,Professional,Fintech,3966.0,6,9,8,12,0.86,No
ACCT-2348,Professional,,9529.0,115,1,8,12,0.22,No
ACCT-2349,Professional,Healthcare,,273,24,5,1,0.39,No
ACCT-2350,Starter,E-commerce,7154.0,143,16,5,12,0.8,No
ACCT-2351,Professional,E-commerce,3132.0,293,24,8,36,0.87,No
ACCT-2352,Professional,E-commerce,17550.0,371,6,10,24,0.59,No
ACCT-2353,Professional,,32659.0,278,16,8,1,0.18,Yes
ACCT-2354,Starter,EdTech,11820.0,108,0,,12,0.33,No
ACCT-2355,Enterprise,E-commerce,43123.0,134,2,9,12,0.18,No
ACCT-2356,Starter,Manufacturing,10216.0,386,18,-10,24,0.15,Yes
ACCT-2357,Starter,E-commerce,22355.0,471,16,10,12,0.88,No
ACCT-2358,Professional,Healthcare,6250.0,106,21,10,24,0.55,No
ACCT-2359,Professional,Fintech,16185.0,395,23,8,1,0.69,No
ACCT-2360,Enterprise,Healthcare,25771.0,323,8,8,12,0.73,No
ACCT-2361,Starter,EdTech,17825.0,66,9,7,12,0.76,No
ACCT-2362,Enterprise,Fintech,31133.0,491,17,,12,0.71,No
ACCT-2363,Starter,Fintech,15331.0,358,20,7,36,0.62,No
ACCT-2364,Custom,Manufacturing,14508.0,175,8,5,36,0.21,No
ACCT-2365,Custom,Fintech,15512.0,83,22,9,12,0.46,No
ACCT-2366,Custom,Fintech,35707.0,229,9,9,12,0.26,No
ACCT-2367,Starter,Healthcare,18518.0,30,5,-10,12,0.87,No
ACCT-2368,Enterprise,Healthcare,19662.0,113,12,8,36,0.39,No
ACCT-2369,Professional,E-commerce,15962.0,106,21,-10,24,0.87,No
ACCT-2370,Professional,E-commerce,34829.0,211,23,8,24,0.46,No
ACCT-2371,Starter,,,231,13,7,24,0.86,No
ACCT-2372,Enterprise,Fintech,8147.0,62,12,8,12,0.97,Yes
ACCT-2373,Starter,Fintech,14054.0,330,12,10,24,0.58,No
ACCT-2374,Enterprise,E-commerce,15042.0,224,11,7,1,0.54,No
ACCT-2375,Starter,E-commerce,4104.0,167,0,8,24,0.44,No
ACCT-2376,Professional,Fintech,46974.0,291,2,10,12,0.53,Yes
ACCT-2377,Professional,E-commerce,15599.0,69,15,7,24,0.82,No
ACCT-2378,Enterprise,E-commerce,8706.0,495,21,8,24,0.76,Yes
ACCT-2379,Starter,EdTech,41525.0,108,14,0,12,0.7,No
ACCT-2380,Enterprise,Manufacturing,28986.0,431,19,8,12,0.61,No
ACCT-2381,Starter,,4105.0,180,16,9,36,0.36,Yes
ACCT-2382,Enterprise,Fintech,2314.0,424,11,9,12,0.21,No
ACCT-2383,Enterprise,Fintech,6675.0,253,14,8,12,0.26,Yes
ACCT-2384,Enterprise,Healthcare,26969.0,218,21,8,12,0.6,No
ACCT-2385,Starter,E-commerce,26204.0,56,18,8,12,0.74,Yes
ACCT-2386,Professional,Fintech,17714.0,329,17,7,12,0.43,No
ACCT-2387,Professional,Healthcare,26185.0,247,14,8,12,0.3,No
ACCT-2388,Starter,Manufacturing,,103,0,-10,24,0.16,No
ACCT-2389,Enterprise,Fintech,35262.0,104,21,-10,12,0.25,No
ACCT-2390,Starter,E-commerce,26806.0,105,24,9,24,0.76,No
ACCT-2391,Professional,Fintech,6463.0,401,1,-10,12,0.43,No
ACCT-2392,Professional,Fintech,12804.0,59,15,8,36,0.15,Yes
ACCT-2393,Starter,Fintech,14333.0,449,2,7,12,0.88,No
ACCT-2394,Professional,EdTech,26737.0,387,23,8,24,0.61,No
ACCT-2395,Enterprise,Fintech,6270.0,230,22,8,1,0.19,No
ACCT-2396,Professional,E-commerce,12682.0,186,3,-10,12,0.82,Yes
ACCT-2397,Professional,E-commerce,21316.0,376,3,,12,0.5,No
ACCT-2398,Professional,Fintech,9065.0,209,0,7,24,0.19,Yes
ACCT-2399,Professional,E-commerce,28384.0,195,10,5,1,0.93,Yes
ACCT-2400,Professional,Fintech,25063.0,24,12,-10,1,0.31,No
ACCT-2401,Starter,Fintech,8489.0,200,19,8,1,0.15,Yes
ACCT-2402,Starter,Healthcare,13165.0,294,4,10,12,0.4,No
ACCT-2403,Professional,Healthcare,15842.0,28,11,7,36,0.76,No
ACCT-2404,Professional,Healthcare,13156.0,401,14,7,12,0.73,No
ACCT-2405,Starter,Fintech,5672.0,135,5,9,24,0.86,Yes
ACCT-2406,Professional,E-commerce,7225.0,471,23,8,24,0.94,No
ACCT-2407,Professional,,55613.0,301,3,9,36,0.54,No
ACCT-2408,Starter,EdTech,9481.0,339,10,8,1,0.5,No
ACCT-2409,Professional,Healthcare,,336,4,5,12,0.41,Yes
ACCT-2410,Enterprise,Manufacturing,8893.0,298,16,5,12,0.74,No
ACCT-2411,Enterprise,Fintech,2792.0,163,19,5,12,0.77,No
ACCT-2412,Starter,,70184.0,190,3,,24,0.56,Yes
ACCT-2413,Professional,E-commerce,6817.0,222,22,8,1,0.22,No
ACCT-2414,Professional,E-commerce,14369.0,193,21,8,1,0.9,No
ACCT-2415,Professional,,6679.0,208,15,5,12,0.72,No
ACCT-2416,Starter,E-commerce,9496.0,407,6,7,1,0.91,Yes
ACCT-2417,Enterprise,E-commerce,12247.0,259,23,8,36,0.56,No
ACCT-2418,Enterprise,Fintech,9144.0,119,16,9,24,0.97,No
ACCT-2419,Starter,E-commerce,19350.0,268,0,8,12,0.84,No
ACCT-2420,Starter,Fintech,52463.0,422,5,5,12,0.63,No
ACCT-2421,Starter,EdTech,10104.0,276,11,8,1,0.97,No
ACCT-2422,Professional,Manufacturing,35914.0,154,9,10,36,0.88,Yes
ACCT-2423,Enterprise,Fintech,7986.0,445,12,8,36,0.54,No
ACCT-2424,Professional,Healthcare,18587.0,33,3,10,36,0.3,No
ACCT-2425,Starter,Healthcare,8272.0,319,2,0,1,0.92,No
ACCT-2426,Professional,,12909.0,232,21,7,12,0.72,No
ACCT-2427,Professional,Fintech,12719.0,156,11,8,36,0.18,No
ACCT-2428,Custom,Healthcare,37533.0,465,3,,12,0.93,No
ACCT-2429,Starter,Healthcare,23242.0,196,9,9,24,0.2,No
ACCT-2430,Starter,Manufacturing,19657.0,221,22,5,12,0.71,No
ACCT-2431,Starter,,10599.0,66,15,9,12,0.66,No
ACCT-2432,Professional,E-commerce,27202.0,473,24,0,12,0.73,No
ACCT-2433,Enterprise,E-commerce,27716.0,245,20,8,1,0.91,No
ACCT-2434,Enterprise,Fintech,15652.0,356,22,8,1,0.75,No
ACCT-2435,Enterprise,E-commerce,8630.0,115,7,5,12,0.58,Yes
ACCT-2436,Professional,Healthcare,16399.0,120,23,5,12,0.72,No
ACCT-2437,Professional,Healthcare,4391.0,224,2,10,1,0.91,No
ACCT-2438,Enterprise,Healthcare,,121,24,7,12,0.95,Yes
ACCT-2439,Enterprise,Fintech,2786.0,181,12,0,12,0.93,No
ACCT-2440,Starter,Healthcare,34733.0,115,17,0,12,0.86,No
ACCT-2441,Professional,Manufacturing,6515.0,334,12,10,24,0.16,No
ACCT-2442,Enterprise,Fintech,7940.0,165,2,7,12,0.74,No
ACCT-2443,Starter,EdTech,9353.0,68,10,7,12,0.28,No
ACCT-2444,Professional,Fintech,23211.0,222,2,8,12,0.7,Yes
ACCT-2445,Starter,,8947.0,282,14,7,12,0.98,No
ACCT-2446,Starter,E-commerce,27191.0,350,23,5,36,0.2,No
ACCT-2447,Enterprise,E-commerce,32491.0,19,20,8,1,0.57,No
ACCT-2448,Starter,Fintech,29377.0,222,2,9,1,0.92,No
ACCT-2449,Custom,Healthcare,6086.0,74,20,5,12,0.63,No
ACCT-2450,Professional,E-commerce,37973.0,76,21,-10,24,0.53,Yes
ACCT-2451,Professional,Healthcare,8522.0,367,4,10,24,0.91,Yes
ACCT-2452,Custom,E-commerce,75331.0,155,15,9,36,0.5,Yes
ACCT-2453,Starter,E-commerce,9504.0,121,9,8,12,0.16,No
ACCT-2454,Starter,Healthcare,2238.0,78,1,7,12,0.92,No
ACCT-2455,Starter,E-commerce,30715.0,6,7,10,36,0.71,No
ACCT-2456,Enterprise,Healthcare,11179.0,466,16,8,12,0.49,No
ACCT-2457,Professional,Manufacturing,5546.0,246,23,,12,0.34,No
ACCT-2458,Professional,Fintech,5910.0,73,22,7,1,0.69,No
ACCT-2459,Enterprise,E-commerce,51402.0,411,11,8,36,0.38,No
ACCT-2460,Enterprise,Healthcare,11482.0,303,0,5,1,0.48,Yes
ACCT-2461,Starter,Healthcare,9983.0,16,17,8,12,0.23,No
ACCT-2462,Professional,Healthcare,15531.0,386,15,-10,24,0.18,No
ACCT-2463,Professional,E-commerce,19658.0,144,4,9,36,0.18,No
ACCT-2464,Professional,Healthcare,5183.0,362,2,8,12,0.87,No
ACCT-2465,Professional,E-commerce,16383.0,213,8,7,24,0.67,No
ACCT-2466,Starter,E-commerce,7331.0,374,9,5,36,0.54,No
ACCT-2467,Enterprise,E-commerce,13145.0,153,19,10,24,0.55,Yes
ACCT-2468,Professional,Healthcare,14436.0,390,6,9,12,0.54,No
ACCT-2469,Professional,E-commerce,,222,9,8,12,0.44,No
ACCT-2470,Custom,Healthcare,37038.0,40,1,9,36,0.26,No
ACCT-2471,Starter,Fintech,136965.0,122,0,10,12,0.29,No
ACCT-2472,Starter,Manufacturing,10689.0,122,21,5,1,0.57,No
ACCT-2473,Custom,,29761.0,221,22,,1,0.53,No
ACCT-2474,Professional,Healthcare,16308.0,153,17,5,24,0.93,No
ACCT-2475,Professional,E-commerce,45812.0,248,13,0,12,0.86,Yes
ACCT-2476,Starter,Healthcare,2599.0,460,7,10,24,0.97,No
ACCT-2477,Professional,E-commerce,4503.0,5,19,7,24,0.63,No
ACCT-2478,Starter,Fintech,3367.0,37,21,8,12,0.34,No
ACCT-2479,Professional,E-commerce,27097.0,33,6,8,12,0.39,No
ACCT-2480,Starter,,6854.0,62,0,5,12,0.94,No
ACCT-2481,Starter,Fintech,,487,16,5,12,0.58,No
ACCT-2482,Professional,EdTech,17532.0,48,1,8,12,0.35,No
ACCT-2483,Enterprise,Healthcare,10775.0,207,11,9,12,0.4,No
ACCT-2484,Enterprise,Healthcare,28207.0,352,24,8,12,0.44,No
ACCT-2485,Enterprise,Healthcare,11288.0,448,8,9,36,0.22,No
ACCT-2486,Starter,Fintech,30189.0,347,5,9,12,0.21,No
ACCT-2487,Professional,Fintech,7930.0,30,5,8,24,0.35,No
ACCT-2488,Starter,Manufacturing,19578.0,179,4,5,24,0.2,Yes
ACCT-2489,Starter,Manufacturing,22709.0,18,17,10,12,0.88,No
ACCT-2490,Enterprise,Manufacturing,3827.0,318,14,0,1,0.16,Yes
ACCT-2491,Starter,E-commerce,15082.0,359,3,5,12,0.19,No
ACCT-2492,Starter,Manufacturing,10321.0,235,0,10,24,0.44,Yes
ACCT-2493,Professional,Fintech,7155.0,58,23,7,12,0.51,No
ACCT-2494,Custom,Healthcare,96615.0,172,8,9,24,0.89,No
ACCT-2495,Starter,Fintech,27326.0,245,8,5,12,0.57,Yes
ACCT-2496,Enterprise,Healthcare,32873.0,343,14,8,24,0.57,No
ACCT-2497,Starter,E-commerce,59522.0,21,22,5,1,0.37,No
ACCT-2498,Professional,Manufacturing,23507.0,331,7,9,12,0.41,No
ACCT-2499,Starter,Fintech,8608.0,352,0,8,12,0.23,Yes
ACCT-2005,Enterprise,E-commerce,8628.0,286,14,,12,0.93,No
ACCT-2018,Professional,E-commerce,13862.0,253,21,0,1,0.69,No
ACCT-2099,Professional,Healthcare,4149.0,374,5,7,12,0.71,No
